book_id,title,genre,published_date,author_id
61,Book Title 1,Fiction,01-01-2023,1
62,Book Title 2,Non-Fiction,02-01-2023,2
63,Book Title 3,Sci-Fi,03-01-2023,3
64,Book Title 4,Fantasy,04-01-2023,4
65,Book Title 5,Biography,05-01-2023,5
66,Book Title 6,Fiction,06-01-2023,1
67,Book Title 7,Non-Fiction,07-01-2023,2
68,Book Title 8,Sci-Fi,08-01-2023,3
69,Book Title 9,Fantasy,09-01-2023,4
70,Book Title 10,Biography,10-01-2023,5
71,Book Title 11,Fiction,11-01-2023,1
72,Book Title 12,Non-Fiction,12-01-2023,2
73,Book Title 13,Sci-Fi,13-01-2023,3
74,Book Title 14,Fantasy,14-01-2023,4
75,Book Title 15,Biography,15-01-2023,5
76,Book Title 16,Fiction,16-01-2023,1
77,Book Title 17,Non-Fiction,17-01-2023,2
78,Book Title 18,Sci-Fi,18-01-2023,3
79,Book Title 19,Fantasy,19-01-2023,4
80,Book Title 20,Biography,20-01-2023,5
81,Book Title 21,Fiction,21-01-2023,1
82,Book Title 22,Non-Fiction,22-01-2023,2
83,Book Title 23,Sci-Fi,23-01-2023,3
84,Book Title 24,Fantasy,24-01-2023,4
85,Book Title 25,Biography,25-01-2023,5
86,Book Title 26,Fiction,26-01-2023,1
87,Book Title 27,Non-Fiction,27-01-2023,2
88,Book Title 28,Sci-Fi,28-01-2023,3
89,Book Title 29,Fantasy,29-01-2023,4
90,Book Title 30,Biography,30-01-2023,5
91,Book Title 31,Fiction,31-01-2023,1
92,Book Title 32,Non-Fiction,01-02-2023,2
93,Book Title 33,Sci-Fi,02-02-2023,3
94,Book Title 34,Fantasy,03-02-2023,4
95,Book Title 35,Biography,04-02-2023,5
96,Book Title 36,Fiction,05-02-2023,1
97,Book Title 37,Non-Fiction,06-02-2023,2
98,Book Title 38,Sci-Fi,07-02-2023,3
99,Book Title 39,Fantasy,08-02-2023,4
100,Book Title 40,Biography,09-02-2023,5
101,Book Title 41,Fiction,10-02-2023,1
102,Book Title 42,Non-Fiction,11-02-2023,2
103,Book Title 43,Sci-Fi,12-02-2023,3
104,Book Title 44,Fantasy,13-02-2023,4
105,Book Title 45,Biography,14-02-2023,5
106,Book Title 46,Fiction,15-02-2023,1
107,Book Title 47,Non-Fiction,16-02-2023,2
108,Book Title 48,Sci-Fi,17-02-2023,3
109,Book Title 49,Fantasy,18-02-2023,4
110,Book Title 50,Biography,19-02-2023,5
111,Book Title 51,Fiction,20-02-2023,1
112,Book Title 52,Non-Fiction,21-02-2023,2
113,Book Title 53,Sci-Fi,22-02-2023,3
114,Book Title 54,Fantasy,23-02-2023,4
115,Book Title 55,Biography,24-02-2023,5
116,Book Title 56,Fiction,25-02-2023,1
117,Book Title 57,Non-Fiction,26-02-2023,2
118,Book Title 58,Sci-Fi,27-02-2023,3
119,Book Title 59,Fantasy,28-02-2023,4
120,Book Title 60,Biography,01-03-2023,5
121,Book Title 1,Fiction,01-01-2023,1
122,Book Title 2,Non-Fiction,02-01-2023,2
123,Book Title 3,Sci-Fi,03-01-2023,3
124,Book Title 4,Fantasy,04-01-2023,4
125,Book Title 5,Biography,05-01-2023,5
126,Book Title 6,Fiction,06-01-2023,1
127,Book Title 7,Non-Fiction,07-01-2023,2
128,Book Title 8,Sci-Fi,08-01-2023,3
129,Book Title 9,Fantasy,09-01-2023,4
130,Book Title 10,Biography,10-01-2023,5
131,Book Title 11,Fiction,11-01-2023,1
132,Book Title 12,Non-Fiction,12-01-2023,2
133,Book Title 13,Sci-Fi,13-01-2023,3
134,Book Title 14,Fantasy,14-01-2023,4
135,Book Title 15,Biography,15-01-2023,5
136,Book Title 16,Fiction,16-01-2023,1
137,Book Title 17,Non-Fiction,17-01-2023,2
138,Book Title 18,Sci-Fi,18-01-2023,3
139,Book Title 19,Fantasy,19-01-2023,4
140,Book Title 20,Biography,20-01-2023,5
141,Book Title 21,Fiction,21-01-2023,1
142,Book Title 22,Non-Fiction,22-01-2023,2
143,Book Title 23,Sci-Fi,23-01-2023,3
144,Book Title 24,Fantasy,24-01-2023,4
145,Book Title 25,Biography,25-01-2023,5
146,Book Title 26,Fiction,26-01-2023,1
147,Book Title 27,Non-Fiction,27-01-2023,2
148,Book Title 28,Sci-Fi,28-01-2023,3
149,Book Title 29,Fantasy,29-01-2023,4
150,Book Title 30,Biography,30-01-2023,5
151,Book Title 31,Fiction,31-01-2023,1
152,Book Title 32,Non-Fiction,01-02-2023,2
153,Book Title 33,Sci-Fi,02-02-2023,3
154,Book Title 34,Fantasy,03-02-2023,4
155,Book Title 35,Biography,04-02-2023,5
156,Book Title 36,Fiction,05-02-2023,1
157,Book Title 37,Non-Fiction,06-02-2023,2
158,Book Title 38,Sci-Fi,07-02-2023,3
159,Book Title 39,Fantasy,08-02-2023,4
160,Book Title 40,Biography,09-02-2023,5
161,Book Title 41,Fiction,10-02-2023,1
162,Book Title 42,Non-Fiction,11-02-2023,2
163,Book Title 43,Sci-Fi,12-02-2023,3
164,Book Title 44,Fantasy,13-02-2023,4
165,Book Title 45,Biography,14-02-2023,5
166,Book Title 46,Fiction,15-02-2023,1
167,Book Title 47,Non-Fiction,16-02-2023,2
168,Book Title 48,Sci-Fi,17-02-2023,3
169,Book Title 49,Fantasy,18-02-2023,4
170,Book Title 50,Biography,19-02-2023,5
171,Book Title 51,Fiction,20-02-2023,1
172,Book Title 52,Non-Fiction,21-02-2023,2
173,Book Title 53,Sci-Fi,22-02-2023,3
174,Book Title 54,Fantasy,23-02-2023,4
175,Book Title 55,Biography,24-02-2023,5
176,Book Title 56,Fiction,25-02-2023,1
177,Book Title 57,Non-Fiction,26-02-2023,2
178,Book Title 58,Sci-Fi,27-02-2023,3
179,Book Title 59,Fantasy,28-02-2023,4
180,Book Title 60,Biography,01-03-2023,5
181,Book Title 1,Fiction,01-01-2023,1
182,Book Title 2,Non-Fiction,02-01-2023,2
183,Book Title 3,Sci-Fi,03-01-2023,3
184,Book Title 4,Fantasy,04-01-2023,4
185,Book Title 5,Biography,05-01-2023,5
186,Book Title 6,Fiction,06-01-2023,1
187,Book Title 7,Non-Fiction,07-01-2023,2
188,Book Title 8,Sci-Fi,08-01-2023,3
189,Book Title 9,Fantasy,09-01-2023,4
190,Book Title 10,Biography,10-01-2023,5
191,Book Title 11,Fiction,11-01-2023,1
192,Book Title 12,Non-Fiction,12-01-2023,2
193,Book Title 13,Sci-Fi,13-01-2023,3
194,Book Title 14,Fantasy,14-01-2023,4
195,Book Title 15,Biography,15-01-2023,5
196,Book Title 16,Fiction,16-01-2023,1
197,Book Title 17,Non-Fiction,17-01-2023,2
198,Book Title 18,Sci-Fi,18-01-2023,3
199,Book Title 19,Fantasy,19-01-2023,4
200,Book Title 20,Biography,20-01-2023,5
201,Book Title 21,Fiction,21-01-2023,1
202,Book Title 22,Non-Fiction,22-01-2023,2
203,Book Title 23,Sci-Fi,23-01-2023,3
204,Book Title 24,Fantasy,24-01-2023,4
205,Book Title 25,Biography,25-01-2023,5
206,Book Title 26,Fiction,26-01-2023,1
207,Book Title 27,Non-Fiction,27-01-2023,2
208,Book Title 28,Sci-Fi,28-01-2023,3
209,Book Title 29,Fantasy,29-01-2023,4
210,Book Title 30,Biography,30-01-2023,5
211,Book Title 31,Fiction,31-01-2023,1
212,Book Title 32,Non-Fiction,01-02-2023,2
213,Book Title 33,Sci-Fi,02-02-2023,3
214,Book Title 34,Fantasy,03-02-2023,4
215,Book Title 35,Biography,04-02-2023,5
216,Book Title 36,Fiction,05-02-2023,1
217,Book Title 37,Non-Fiction,06-02-2023,2
218,Book Title 38,Sci-Fi,07-02-2023,3
219,Book Title 39,Fantasy,08-02-2023,4
220,Book Title 40,Biography,09-02-2023,5
221,Book Title 41,Fiction,10-02-2023,1
222,Book Title 42,Non-Fiction,11-02-2023,2
223,Book Title 43,Sci-Fi,12-02-2023,3
224,Book Title 44,Fantasy,13-02-2023,4
225,Book Title 45,Biography,14-02-2023,5
226,Book Title 46,Fiction,15-02-2023,1
227,Book Title 47,Non-Fiction,16-02-2023,2
228,Book Title 48,Sci-Fi,17-02-2023,3
229,Book Title 49,Fantasy,18-02-2023,4
230,Book Title 50,Biography,19-02-2023,5
231,Book Title 51,Fiction,20-02-2023,1
232,Book Title 52,Non-Fiction,21-02-2023,2
233,Book Title 53,Sci-Fi,22-02-2023,3
234,Book Title 54,Fantasy,23-02-2023,4
235,Book Title 55,Biography,24-02-2023,5
236,Book Title 56,Fiction,25-02-2023,1
237,Book Title 57,Non-Fiction,26-02-2023,2
238,Book Title 58,Sci-Fi,27-02-2023,3
239,Book Title 59,Fantasy,28-02-2023,4
240,Book Title 60,Biography,01-03-2023,5
241,Book Title 1,Fiction,01-01-2023,1
242,Book Title 2,Non-Fiction,02-01-2023,2
243,Book Title 3,Sci-Fi,03-01-2023,3
244,Book Title 4,Fantasy,04-01-2023,4
245,Book Title 5,Biography,05-01-2023,5
246,Book Title 6,Fiction,06-01-2023,1
247,Book Title 7,Non-Fiction,07-01-2023,2
248,Book Title 8,Sci-Fi,08-01-2023,3
249,Book Title 9,Fantasy,09-01-2023,4
250,Book Title 10,Biography,10-01-2023,5
251,Book Title 11,Fiction,11-01-2023,1
252,Book Title 12,Non-Fiction,12-01-2023,2
253,Book Title 13,Sci-Fi,13-01-2023,3
254,Book Title 14,Fantasy,14-01-2023,4
255,Book Title 15,Biography,15-01-2023,5
256,Book Title 16,Fiction,16-01-2023,1
257,Book Title 17,Non-Fiction,17-01-2023,2
258,Book Title 18,Sci-Fi,18-01-2023,3
259,Book Title 19,Fantasy,19-01-2023,4
260,Book Title 20,Biography,20-01-2023,5
261,Book Title 21,Fiction,21-01-2023,1
262,Book Title 22,Non-Fiction,22-01-2023,2
263,Book Title 23,Sci-Fi,23-01-2023,3
264,Book Title 24,Fantasy,24-01-2023,4
265,Book Title 25,Biography,25-01-2023,5
266,Book Title 26,Fiction,26-01-2023,1
267,Book Title 27,Non-Fiction,27-01-2023,2
268,Book Title 28,Sci-Fi,28-01-2023,3
269,Book Title 29,Fantasy,29-01-2023,4
270,Book Title 30,Biography,30-01-2023,5
271,Book Title 31,Fiction,31-01-2023,1
272,Book Title 32,Non-Fiction,01-02-2023,2
273,Book Title 33,Sci-Fi,02-02-2023,3
274,Book Title 34,Fantasy,03-02-2023,4
275,Book Title 35,Biography,04-02-2023,5
276,Book Title 36,Fiction,05-02-2023,1
277,Book Title 37,Non-Fiction,06-02-2023,2
278,Book Title 38,Sci-Fi,07-02-2023,3
279,Book Title 39,Fantasy,08-02-2023,4
280,Book Title 40,Biography,09-02-2023,5
281,Book Title 41,Fiction,10-02-2023,1
282,Book Title 42,Non-Fiction,11-02-2023,2
283,Book Title 43,Sci-Fi,12-02-2023,3
284,Book Title 44,Fantasy,13-02-2023,4
285,Book Title 45,Biography,14-02-2023,5
286,Book Title 46,Fiction,15-02-2023,1
287,Book Title 47,Non-Fiction,16-02-2023,2
288,Book Title 48,Sci-Fi,17-02-2023,3
289,Book Title 49,Fantasy,18-02-2023,4
290,Book Title 50,Biography,19-02-2023,5
291,Book Title 51,Fiction,20-02-2023,1
292,Book Title 52,Non-Fiction,21-02-2023,2
293,Book Title 53,Sci-Fi,22-02-2023,3
294,Book Title 54,Fantasy,23-02-2023,4
295,Book Title 55,Biography,24-02-2023,5
296,Book Title 56,Fiction,25-02-2023,1
297,Book Title 57,Non-Fiction,26-02-2023,2
298,Book Title 58,Sci-Fi,27-02-2023,3
299,Book Title 59,Fantasy,28-02-2023,4
300,Book Title 60,Biography,01-03-2023,5
301,Book Title 1,Fiction,01-01-2023,1
302,Book Title 2,Non-Fiction,02-01-2023,2
303,Book Title 3,Sci-Fi,03-01-2023,3
304,Book Title 4,Fantasy,04-01-2023,4
305,Book Title 5,Biography,05-01-2023,5
306,Book Title 6,Fiction,06-01-2023,1
307,Book Title 7,Non-Fiction,07-01-2023,2
308,Book Title 8,Sci-Fi,08-01-2023,3
309,Book Title 9,Fantasy,09-01-2023,4
310,Book Title 10,Biography,10-01-2023,5
311,Book Title 11,Fiction,11-01-2023,1
312,Book Title 12,Non-Fiction,12-01-2023,2
313,Book Title 13,Sci-Fi,13-01-2023,3
314,Book Title 14,Fantasy,14-01-2023,4
315,Book Title 15,Biography,15-01-2023,5
316,Book Title 16,Fiction,16-01-2023,1
317,Book Title 17,Non-Fiction,17-01-2023,2
318,Book Title 18,Sci-Fi,18-01-2023,3
319,Book Title 19,Fantasy,19-01-2023,4
320,Book Title 20,Biography,20-01-2023,5
321,Book Title 21,Fiction,21-01-2023,1
322,Book Title 22,Non-Fiction,22-01-2023,2
323,Book Title 23,Sci-Fi,23-01-2023,3
324,Book Title 24,Fantasy,24-01-2023,4
325,Book Title 25,Biography,25-01-2023,5
326,Book Title 26,Fiction,26-01-2023,1
327,Book Title 27,Non-Fiction,27-01-2023,2
328,Book Title 28,Sci-Fi,28-01-2023,3
329,Book Title 29,Fantasy,29-01-2023,4
330,Book Title 30,Biography,30-01-2023,5
331,Book Title 31,Fiction,31-01-2023,1
332,Book Title 32,Non-Fiction,01-02-2023,2
333,Book Title 33,Sci-Fi,02-02-2023,3
334,Book Title 34,Fantasy,03-02-2023,4
335,Book Title 35,Biography,04-02-2023,5
336,Book Title 36,Fiction,05-02-2023,1
337,Book Title 37,Non-Fiction,06-02-2023,2
338,Book Title 38,Sci-Fi,07-02-2023,3
339,Book Title 39,Fantasy,08-02-2023,4
340,Book Title 40,Biography,09-02-2023,5
341,Book Title 41,Fiction,10-02-2023,1
342,Book Title 42,Non-Fiction,11-02-2023,2
343,Book Title 43,Sci-Fi,12-02-2023,3
344,Book Title 44,Fantasy,13-02-2023,4
345,Book Title 45,Biography,14-02-2023,5
346,Book Title 46,Fiction,15-02-2023,1
347,Book Title 47,Non-Fiction,16-02-2023,2
348,Book Title 48,Sci-Fi,17-02-2023,3
349,Book Title 49,Fantasy,18-02-2023,4
350,Book Title 50,Biography,19-02-2023,5
351,Book Title 51,Fiction,20-02-2023,1
352,Book Title 52,Non-Fiction,21-02-2023,2
353,Book Title 53,Sci-Fi,22-02-2023,3
354,Book Title 54,Fantasy,23-02-2023,4
355,Book Title 55,Biography,24-02-2023,5
356,Book Title 56,Fiction,25-02-2023,1
357,Book Title 57,Non-Fiction,26-02-2023,2
358,Book Title 58,Sci-Fi,27-02-2023,3
359,Book Title 59,Fantasy,28-02-2023,4
360,Book Title 60,Biography,01-03-2023,5
361,Book Title 1,Fiction,01-01-2023,1
362,Book Title 2,Non-Fiction,02-01-2023,2
363,Book Title 3,Sci-Fi,03-01-2023,3
364,Book Title 4,Fantasy,04-01-2023,4
365,Book Title 5,Biography,05-01-2023,5
366,Book Title 6,Fiction,06-01-2023,1
367,Book Title 7,Non-Fiction,07-01-2023,2
368,Book Title 8,Sci-Fi,08-01-2023,3
369,Book Title 9,Fantasy,09-01-2023,4
370,Book Title 10,Biography,10-01-2023,5
371,Book Title 11,Fiction,11-01-2023,1
372,Book Title 12,Non-Fiction,12-01-2023,2
373,Book Title 13,Sci-Fi,13-01-2023,3
374,Book Title 14,Fantasy,14-01-2023,4
375,Book Title 15,Biography,15-01-2023,5
376,Book Title 16,Fiction,16-01-2023,1
377,Book Title 17,Non-Fiction,17-01-2023,2
378,Book Title 18,Sci-Fi,18-01-2023,3
379,Book Title 19,Fantasy,19-01-2023,4
380,Book Title 20,Biography,20-01-2023,5
381,Book Title 21,Fiction,21-01-2023,1
382,Book Title 22,Non-Fiction,22-01-2023,2
383,Book Title 23,Sci-Fi,23-01-2023,3
384,Book Title 24,Fantasy,24-01-2023,4
385,Book Title 25,Biography,25-01-2023,5
386,Book Title 26,Fiction,26-01-2023,1
387,Book Title 27,Non-Fiction,27-01-2023,2
388,Book Title 28,Sci-Fi,28-01-2023,3
389,Book Title 29,Fantasy,29-01-2023,4
390,Book Title 30,Biography,30-01-2023,5
391,Book Title 31,Fiction,31-01-2023,1
392,Book Title 32,Non-Fiction,01-02-2023,2
393,Book Title 33,Sci-Fi,02-02-2023,3
394,Book Title 34,Fantasy,03-02-2023,4
395,Book Title 35,Biography,04-02-2023,5
396,Book Title 36,Fiction,05-02-2023,1
397,Book Title 37,Non-Fiction,06-02-2023,2
398,Book Title 38,Sci-Fi,07-02-2023,3
399,Book Title 39,Fantasy,08-02-2023,4
400,Book Title 40,Biography,09-02-2023,5
401,Book Title 41,Fiction,10-02-2023,1
402,Book Title 42,Non-Fiction,11-02-2023,2
403,Book Title 43,Sci-Fi,12-02-2023,3
404,Book Title 44,Fantasy,13-02-2023,4
405,Book Title 45,Biography,14-02-2023,5
406,Book Title 46,Fiction,15-02-2023,1
407,Book Title 47,Non-Fiction,16-02-2023,2
408,Book Title 48,Sci-Fi,17-02-2023,3
409,Book Title 49,Fantasy,18-02-2023,4
410,Book Title 50,Biography,19-02-2023,5
411,Book Title 51,Fiction,20-02-2023,1
412,Book Title 52,Non-Fiction,21-02-2023,2
413,Book Title 53,Sci-Fi,22-02-2023,3
414,Book Title 54,Fantasy,23-02-2023,4
415,Book Title 55,Biography,24-02-2023,5
416,Book Title 56,Fiction,25-02-2023,1
417,Book Title 57,Non-Fiction,26-02-2023,2
418,Book Title 58,Sci-Fi,27-02-2023,3
419,Book Title 59,Fantasy,28-02-2023,4
420,Book Title 60,Biography,01-03-2023,5
421,Book Title 1,Fiction,01-01-2023,1
422,Book Title 2,Non-Fiction,02-01-2023,2
423,Book Title 3,Sci-Fi,03-01-2023,3
424,Book Title 4,Fantasy,04-01-2023,4
425,Book Title 5,Biography,05-01-2023,5
426,Book Title 6,Fiction,06-01-2023,1
427,Book Title 7,Non-Fiction,07-01-2023,2
428,Book Title 8,Sci-Fi,08-01-2023,3
429,Book Title 9,Fantasy,09-01-2023,4
430,Book Title 10,Biography,10-01-2023,5
431,Book Title 11,Fiction,11-01-2023,1
432,Book Title 12,Non-Fiction,12-01-2023,2
433,Book Title 13,Sci-Fi,13-01-2023,3
434,Book Title 14,Fantasy,14-01-2023,4
435,Book Title 15,Biography,15-01-2023,5
436,Book Title 16,Fiction,16-01-2023,1
437,Book Title 17,Non-Fiction,17-01-2023,2
438,Book Title 18,Sci-Fi,18-01-2023,3
439,Book Title 19,Fantasy,19-01-2023,4
440,Book Title 20,Biography,20-01-2023,5
441,Book Title 21,Fiction,21-01-2023,1
442,Book Title 22,Non-Fiction,22-01-2023,2
443,Book Title 23,Sci-Fi,23-01-2023,3
444,Book Title 24,Fantasy,24-01-2023,4
445,Book Title 25,Biography,25-01-2023,5
446,Book Title 26,Fiction,26-01-2023,1
447,Book Title 27,Non-Fiction,27-01-2023,2
448,Book Title 28,Sci-Fi,28-01-2023,3
449,Book Title 29,Fantasy,29-01-2023,4
450,Book Title 30,Biography,30-01-2023,5
451,Book Title 31,Fiction,31-01-2023,1
452,Book Title 32,Non-Fiction,01-02-2023,2
453,Book Title 33,Sci-Fi,02-02-2023,3
454,Book Title 34,Fantasy,03-02-2023,4
455,Book Title 35,Biography,04-02-2023,5
456,Book Title 36,Fiction,05-02-2023,1
457,Book Title 37,Non-Fiction,06-02-2023,2
458,Book Title 38,Sci-Fi,07-02-2023,3
459,Book Title 39,Fantasy,08-02-2023,4
460,Book Title 40,Biography,09-02-2023,5
461,Book Title 41,Fiction,10-02-2023,1
462,Book Title 42,Non-Fiction,11-02-2023,2
463,Book Title 43,Sci-Fi,12-02-2023,3
464,Book Title 44,Fantasy,13-02-2023,4
465,Book Title 45,Biography,14-02-2023,5
466,Book Title 46,Fiction,15-02-2023,1
467,Book Title 47,Non-Fiction,16-02-2023,2
468,Book Title 48,Sci-Fi,17-02-2023,3
469,Book Title 49,Fantasy,18-02-2023,4
470,Book Title 50,Biography,19-02-2023,5
471,Book Title 51,Fiction,20-02-2023,1
472,Book Title 52,Non-Fiction,21-02-2023,2
473,Book Title 53,Sci-Fi,22-02-2023,3
474,Book Title 54,Fantasy,23-02-2023,4
475,Book Title 55,Biography,24-02-2023,5
476,Book Title 56,Fiction,25-02-2023,1
477,Book Title 57,Non-Fiction,26-02-2023,2
478,Book Title 58,Sci-Fi,27-02-2023,3
479,Book Title 59,Fantasy,28-02-2023,4
480,Book Title 60,Biography,01-03-2023,5
481,Book Title 1,Fiction,01-01-2023,1
482,Book Title 2,Non-Fiction,02-01-2023,2
483,Book Title 3,Sci-Fi,03-01-2023,3
484,Book Title 4,Fantasy,04-01-2023,4
485,Book Title 5,Biography,05-01-2023,5
486,Book Title 6,Fiction,06-01-2023,1
487,Book Title 7,Non-Fiction,07-01-2023,2
488,Book Title 8,Sci-Fi,08-01-2023,3
489,Book Title 9,Fantasy,09-01-2023,4
490,Book Title 10,Biography,10-01-2023,5
491,Book Title 11,Fiction,11-01-2023,1
492,Book Title 12,Non-Fiction,12-01-2023,2
493,Book Title 13,Sci-Fi,13-01-2023,3
494,Book Title 14,Fantasy,14-01-2023,4
495,Book Title 15,Biography,15-01-2023,5
496,Book Title 16,Fiction,16-01-2023,1
497,Book Title 17,Non-Fiction,17-01-2023,2
498,Book Title 18,Sci-Fi,18-01-2023,3
499,Book Title 19,Fantasy,19-01-2023,4
500,Book Title 20,Biography,20-01-2023,5
501,Book Title 21,Fiction,21-01-2023,1
502,Book Title 22,Non-Fiction,22-01-2023,2
503,Book Title 23,Sci-Fi,23-01-2023,3
504,Book Title 24,Fantasy,24-01-2023,4
505,Book Title 25,Biography,25-01-2023,5
506,Book Title 26,Fiction,26-01-2023,1
507,Book Title 27,Non-Fiction,27-01-2023,2
508,Book Title 28,Sci-Fi,28-01-2023,3
509,Book Title 29,Fantasy,29-01-2023,4
510,Book Title 30,Biography,30-01-2023,5
511,Book Title 31,Fiction,31-01-2023,1
512,Book Title 32,Non-Fiction,01-02-2023,2
513,Book Title 33,Sci-Fi,02-02-2023,3
514,Book Title 34,Fantasy,03-02-2023,4
515,Book Title 35,Biography,04-02-2023,5
516,Book Title 36,Fiction,05-02-2023,1
517,Book Title 37,Non-Fiction,06-02-2023,2
518,Book Title 38,Sci-Fi,07-02-2023,3
519,Book Title 39,Fantasy,08-02-2023,4
520,Book Title 40,Biography,09-02-2023,5
521,Book Title 41,Fiction,10-02-2023,1
522,Book Title 42,Non-Fiction,11-02-2023,2
523,Book Title 43,Sci-Fi,12-02-2023,3
524,Book Title 44,Fantasy,13-02-2023,4
525,Book Title 45,Biography,14-02-2023,5
526,Book Title 46,Fiction,15-02-2023,1
527,Book Title 47,Non-Fiction,16-02-2023,2
528,Book Title 48,Sci-Fi,17-02-2023,3
529,Book Title 49,Fantasy,18-02-2023,4
530,Book Title 50,Biography,19-02-2023,5
531,Book Title 51,Fiction,20-02-2023,1
532,Book Title 52,Non-Fiction,21-02-2023,2
533,Book Title 53,Sci-Fi,22-02-2023,3
534,Book Title 54,Fantasy,23-02-2023,4
535,Book Title 55,Biography,24-02-2023,5
536,Book Title 56,Fiction,25-02-2023,1
537,Book Title 57,Non-Fiction,26-02-2023,2
538,Book Title 58,Sci-Fi,27-02-2023,3
539,Book Title 59,Fantasy,28-02-2023,4
540,Book Title 60,Biography,01-03-2023,5
541,Book Title 1,Fiction,01-01-2023,1
542,Book Title 2,Non-Fiction,02-01-2023,2
543,Book Title 3,Sci-Fi,03-01-2023,3
544,Book Title 4,Fantasy,04-01-2023,4
545,Book Title 5,Biography,05-01-2023,5
546,Book Title 6,Fiction,06-01-2023,1
547,Book Title 7,Non-Fiction,07-01-2023,2
548,Book Title 8,Sci-Fi,08-01-2023,3
549,Book Title 9,Fantasy,09-01-2023,4
550,Book Title 10,Biography,10-01-2023,5
551,Book Title 11,Fiction,11-01-2023,1
552,Book Title 12,Non-Fiction,12-01-2023,2
553,Book Title 13,Sci-Fi,13-01-2023,3
554,Book Title 14,Fantasy,14-01-2023,4
555,Book Title 15,Biography,15-01-2023,5
556,Book Title 16,Fiction,16-01-2023,1
557,Book Title 17,Non-Fiction,17-01-2023,2
558,Book Title 18,Sci-Fi,18-01-2023,3
559,Book Title 19,Fantasy,19-01-2023,4
560,Book Title 20,Biography,20-01-2023,5
561,Book Title 21,Fiction,21-01-2023,1
562,Book Title 22,Non-Fiction,22-01-2023,2
563,Book Title 23,Sci-Fi,23-01-2023,3
564,Book Title 24,Fantasy,24-01-2023,4
565,Book Title 25,Biography,25-01-2023,5
566,Book Title 26,Fiction,26-01-2023,1
567,Book Title 27,Non-Fiction,27-01-2023,2
568,Book Title 28,Sci-Fi,28-01-2023,3
569,Book Title 29,Fantasy,29-01-2023,4
570,Book Title 30,Biography,30-01-2023,5
571,Book Title 31,Fiction,31-01-2023,1
572,Book Title 32,Non-Fiction,01-02-2023,2
573,Book Title 33,Sci-Fi,02-02-2023,3
574,Book Title 34,Fantasy,03-02-2023,4
575,Book Title 35,Biography,04-02-2023,5
576,Book Title 36,Fiction,05-02-2023,1
577,Book Title 37,Non-Fiction,06-02-2023,2
578,Book Title 38,Sci-Fi,07-02-2023,3
579,Book Title 39,Fantasy,08-02-2023,4
580,Book Title 40,Biography,09-02-2023,5
581,Book Title 41,Fiction,10-02-2023,1
582,Book Title 42,Non-Fiction,11-02-2023,2
583,Book Title 43,Sci-Fi,12-02-2023,3
584,Book Title 44,Fantasy,13-02-2023,4
585,Book Title 45,Biography,14-02-2023,5
586,Book Title 46,Fiction,15-02-2023,1
587,Book Title 47,Non-Fiction,16-02-2023,2
588,Book Title 48,Sci-Fi,17-02-2023,3
589,Book Title 49,Fantasy,18-02-2023,4
590,Book Title 50,Biography,19-02-2023,5
591,Book Title 51,Fiction,20-02-2023,1
592,Book Title 52,Non-Fiction,21-02-2023,2
593,Book Title 53,Sci-Fi,22-02-2023,3
594,Book Title 54,Fantasy,23-02-2023,4
595,Book Title 55,Biography,24-02-2023,5
596,Book Title 56,Fiction,25-02-2023,1
597,Book Title 57,Non-Fiction,26-02-2023,2
598,Book Title 58,Sci-Fi,27-02-2023,3
599,Book Title 59,Fantasy,28-02-2023,4
600,Book Title 60,Biography,01-03-2023,5
601,Book Title 1,Fiction,01-01-2023,1
602,Book Title 2,Non-Fiction,02-01-2023,2
603,Book Title 3,Sci-Fi,03-01-2023,3
604,Book Title 4,Fantasy,04-01-2023,4
605,Book Title 5,Biography,05-01-2023,5
606,Book Title 6,Fiction,06-01-2023,1
607,Book Title 7,Non-Fiction,07-01-2023,2
608,Book Title 8,Sci-Fi,08-01-2023,3
609,Book Title 9,Fantasy,09-01-2023,4
610,Book Title 10,Biography,10-01-2023,5
611,Book Title 11,Fiction,11-01-2023,1
612,Book Title 12,Non-Fiction,12-01-2023,2
613,Book Title 13,Sci-Fi,13-01-2023,3
614,Book Title 14,Fantasy,14-01-2023,4
615,Book Title 15,Biography,15-01-2023,5
616,Book Title 16,Fiction,16-01-2023,1
617,Book Title 17,Non-Fiction,17-01-2023,2
618,Book Title 18,Sci-Fi,18-01-2023,3
619,Book Title 19,Fantasy,19-01-2023,4
620,Book Title 20,Biography,20-01-2023,5
621,Book Title 21,Fiction,21-01-2023,1
622,Book Title 22,Non-Fiction,22-01-2023,2
623,Book Title 23,Sci-Fi,23-01-2023,3
624,Book Title 24,Fantasy,24-01-2023,4
625,Book Title 25,Biography,25-01-2023,5
626,Book Title 26,Fiction,26-01-2023,1
627,Book Title 27,Non-Fiction,27-01-2023,2
628,Book Title 28,Sci-Fi,28-01-2023,3
629,Book Title 29,Fantasy,29-01-2023,4
630,Book Title 30,Biography,30-01-2023,5
631,Book Title 31,Fiction,31-01-2023,1
632,Book Title 32,Non-Fiction,01-02-2023,2
633,Book Title 33,Sci-Fi,02-02-2023,3
634,Book Title 34,Fantasy,03-02-2023,4
635,Book Title 35,Biography,04-02-2023,5
636,Book Title 36,Fiction,05-02-2023,1
637,Book Title 37,Non-Fiction,06-02-2023,2
638,Book Title 38,Sci-Fi,07-02-2023,3
639,Book Title 39,Fantasy,08-02-2023,4
640,Book Title 40,Biography,09-02-2023,5
641,Book Title 41,Fiction,10-02-2023,1
642,Book Title 42,Non-Fiction,11-02-2023,2
643,Book Title 43,Sci-Fi,12-02-2023,3
644,Book Title 44,Fantasy,13-02-2023,4
645,Book Title 45,Biography,14-02-2023,5
646,Book Title 46,Fiction,15-02-2023,1
647,Book Title 47,Non-Fiction,16-02-2023,2
648,Book Title 48,Sci-Fi,17-02-2023,3
649,Book Title 49,Fantasy,18-02-2023,4
650,Book Title 50,Biography,19-02-2023,5
651,Book Title 51,Fiction,20-02-2023,1
652,Book Title 52,Non-Fiction,21-02-2023,2
653,Book Title 53,Sci-Fi,22-02-2023,3
654,Book Title 54,Fantasy,23-02-2023,4
655,Book Title 55,Biography,24-02-2023,5
656,Book Title 56,Fiction,25-02-2023,1
657,Book Title 57,Non-Fiction,26-02-2023,2
658,Book Title 58,Sci-Fi,27-02-2023,3
659,Book Title 59,Fantasy,28-02-2023,4
660,Book Title 60,Biography,01-03-2023,5
661,Book Title 1,Fiction,01-01-2023,1
662,Book Title 2,Non-Fiction,02-01-2023,2
663,Book Title 3,Sci-Fi,03-01-2023,3
664,Book Title 4,Fantasy,04-01-2023,4
665,Book Title 5,Biography,05-01-2023,5
666,Book Title 6,Fiction,06-01-2023,1
667,Book Title 7,Non-Fiction,07-01-2023,2
668,Book Title 8,Sci-Fi,08-01-2023,3
669,Book Title 9,Fantasy,09-01-2023,4
670,Book Title 10,Biography,10-01-2023,5
671,Book Title 11,Fiction,11-01-2023,1
672,Book Title 12,Non-Fiction,12-01-2023,2
673,Book Title 13,Sci-Fi,13-01-2023,3
674,Book Title 14,Fantasy,14-01-2023,4
675,Book Title 15,Biography,15-01-2023,5
676,Book Title 16,Fiction,16-01-2023,1
677,Book Title 17,Non-Fiction,17-01-2023,2
678,Book Title 18,Sci-Fi,18-01-2023,3
679,Book Title 19,Fantasy,19-01-2023,4
680,Book Title 20,Biography,20-01-2023,5
681,Book Title 21,Fiction,21-01-2023,1
682,Book Title 22,Non-Fiction,22-01-2023,2
683,Book Title 23,Sci-Fi,23-01-2023,3
684,Book Title 24,Fantasy,24-01-2023,4
685,Book Title 25,Biography,25-01-2023,5
686,Book Title 26,Fiction,26-01-2023,1
687,Book Title 27,Non-Fiction,27-01-2023,2
688,Book Title 28,Sci-Fi,28-01-2023,3
689,Book Title 29,Fantasy,29-01-2023,4
690,Book Title 30,Biography,30-01-2023,5
691,Book Title 31,Fiction,31-01-2023,1
692,Book Title 32,Non-Fiction,01-02-2023,2
693,Book Title 33,Sci-Fi,02-02-2023,3
694,Book Title 34,Fantasy,03-02-2023,4
695,Book Title 35,Biography,04-02-2023,5
696,Book Title 36,Fiction,05-02-2023,1
697,Book Title 37,Non-Fiction,06-02-2023,2
698,Book Title 38,Sci-Fi,07-02-2023,3
699,Book Title 39,Fantasy,08-02-2023,4
700,Book Title 40,Biography,09-02-2023,5
701,Book Title 41,Fiction,10-02-2023,1
702,Book Title 42,Non-Fiction,11-02-2023,2
703,Book Title 43,Sci-Fi,12-02-2023,3
704,Book Title 44,Fantasy,13-02-2023,4
705,Book Title 45,Biography,14-02-2023,5
706,Book Title 46,Fiction,15-02-2023,1
707,Book Title 47,Non-Fiction,16-02-2023,2
708,Book Title 48,Sci-Fi,17-02-2023,3
709,Book Title 49,Fantasy,18-02-2023,4
710,Book Title 50,Biography,19-02-2023,5
711,Book Title 51,Fiction,20-02-2023,1
712,Book Title 52,Non-Fiction,21-02-2023,2
713,Book Title 53,Sci-Fi,22-02-2023,3
714,Book Title 54,Fantasy,23-02-2023,4
715,Book Title 55,Biography,24-02-2023,5
716,Book Title 56,Fiction,25-02-2023,1
717,Book Title 57,Non-Fiction,26-02-2023,2
718,Book Title 58,Sci-Fi,27-02-2023,3
719,Book Title 59,Fantasy,28-02-2023,4
720,Book Title 60,Biography,01-03-2023,5
721,Book Title 1,Fiction,01-01-2023,1
722,Book Title 2,Non-Fiction,02-01-2023,2
723,Book Title 3,Sci-Fi,03-01-2023,3
724,Book Title 4,Fantasy,04-01-2023,4
725,Book Title 5,Biography,05-01-2023,5
726,Book Title 6,Fiction,06-01-2023,1
727,Book Title 7,Non-Fiction,07-01-2023,2
728,Book Title 8,Sci-Fi,08-01-2023,3
729,Book Title 9,Fantasy,09-01-2023,4
730,Book Title 10,Biography,10-01-2023,5
731,Book Title 11,Fiction,11-01-2023,1
732,Book Title 12,Non-Fiction,12-01-2023,2
733,Book Title 13,Sci-Fi,13-01-2023,3
734,Book Title 14,Fantasy,14-01-2023,4
735,Book Title 15,Biography,15-01-2023,5
736,Book Title 16,Fiction,16-01-2023,1
737,Book Title 17,Non-Fiction,17-01-2023,2
738,Book Title 18,Sci-Fi,18-01-2023,3
739,Book Title 19,Fantasy,19-01-2023,4
740,Book Title 20,Biography,20-01-2023,5
741,Book Title 21,Fiction,21-01-2023,1
742,Book Title 22,Non-Fiction,22-01-2023,2
743,Book Title 23,Sci-Fi,23-01-2023,3
744,Book Title 24,Fantasy,24-01-2023,4
745,Book Title 25,Biography,25-01-2023,5
746,Book Title 26,Fiction,26-01-2023,1
747,Book Title 27,Non-Fiction,27-01-2023,2
748,Book Title 28,Sci-Fi,28-01-2023,3
749,Book Title 29,Fantasy,29-01-2023,4
750,Book Title 30,Biography,30-01-2023,5
751,Book Title 31,Fiction,31-01-2023,1
752,Book Title 32,Non-Fiction,01-02-2023,2
753,Book Title 33,Sci-Fi,02-02-2023,3
754,Book Title 34,Fantasy,03-02-2023,4
755,Book Title 35,Biography,04-02-2023,5
756,Book Title 36,Fiction,05-02-2023,1
757,Book Title 37,Non-Fiction,06-02-2023,2
758,Book Title 38,Sci-Fi,07-02-2023,3
759,Book Title 39,Fantasy,08-02-2023,4
760,Book Title 40,Biography,09-02-2023,5
761,Book Title 41,Fiction,10-02-2023,1
762,Book Title 42,Non-Fiction,11-02-2023,2
763,Book Title 43,Sci-Fi,12-02-2023,3
764,Book Title 44,Fantasy,13-02-2023,4
765,Book Title 45,Biography,14-02-2023,5
766,Book Title 46,Fiction,15-02-2023,1
767,Book Title 47,Non-Fiction,16-02-2023,2
768,Book Title 48,Sci-Fi,17-02-2023,3
769,Book Title 49,Fantasy,18-02-2023,4
770,Book Title 50,Biography,19-02-2023,5
771,Book Title 51,Fiction,20-02-2023,1
772,Book Title 52,Non-Fiction,21-02-2023,2
773,Book Title 53,Sci-Fi,22-02-2023,3
774,Book Title 54,Fantasy,23-02-2023,4
775,Book Title 55,Biography,24-02-2023,5
776,Book Title 56,Fiction,25-02-2023,1
777,Book Title 57,Non-Fiction,26-02-2023,2
778,Book Title 58,Sci-Fi,27-02-2023,3
779,Book Title 59,Fantasy,28-02-2023,4
780,Book Title 60,Biography,01-03-2023,5
781,Book Title 1,Fiction,01-01-2023,1
782,Book Title 2,Non-Fiction,02-01-2023,2
783,Book Title 3,Sci-Fi,03-01-2023,3
784,Book Title 4,Fantasy,04-01-2023,4
785,Book Title 5,Biography,05-01-2023,5
786,Book Title 6,Fiction,06-01-2023,1
787,Book Title 7,Non-Fiction,07-01-2023,2
788,Book Title 8,Sci-Fi,08-01-2023,3
789,Book Title 9,Fantasy,09-01-2023,4
790,Book Title 10,Biography,10-01-2023,5
791,Book Title 11,Fiction,11-01-2023,1
792,Book Title 12,Non-Fiction,12-01-2023,2
793,Book Title 13,Sci-Fi,13-01-2023,3
794,Book Title 14,Fantasy,14-01-2023,4
795,Book Title 15,Biography,15-01-2023,5
796,Book Title 16,Fiction,16-01-2023,1
797,Book Title 17,Non-Fiction,17-01-2023,2
798,Book Title 18,Sci-Fi,18-01-2023,3
799,Book Title 19,Fantasy,19-01-2023,4
800,Book Title 20,Biography,20-01-2023,5
801,Book Title 21,Fiction,21-01-2023,1
802,Book Title 22,Non-Fiction,22-01-2023,2
803,Book Title 23,Sci-Fi,23-01-2023,3
804,Book Title 24,Fantasy,24-01-2023,4
805,Book Title 25,Biography,25-01-2023,5
806,Book Title 26,Fiction,26-01-2023,1
807,Book Title 27,Non-Fiction,27-01-2023,2
808,Book Title 28,Sci-Fi,28-01-2023,3
809,Book Title 29,Fantasy,29-01-2023,4
810,Book Title 30,Biography,30-01-2023,5
811,Book Title 31,Fiction,31-01-2023,1
812,Book Title 32,Non-Fiction,01-02-2023,2
813,Book Title 33,Sci-Fi,02-02-2023,3
814,Book Title 34,Fantasy,03-02-2023,4
815,Book Title 35,Biography,04-02-2023,5
816,Book Title 36,Fiction,05-02-2023,1
817,Book Title 37,Non-Fiction,06-02-2023,2
818,Book Title 38,Sci-Fi,07-02-2023,3
819,Book Title 39,Fantasy,08-02-2023,4
820,Book Title 40,Biography,09-02-2023,5
821,Book Title 41,Fiction,10-02-2023,1
822,Book Title 42,Non-Fiction,11-02-2023,2
823,Book Title 43,Sci-Fi,12-02-2023,3
824,Book Title 44,Fantasy,13-02-2023,4
825,Book Title 45,Biography,14-02-2023,5
826,Book Title 46,Fiction,15-02-2023,1
827,Book Title 47,Non-Fiction,16-02-2023,2
828,Book Title 48,Sci-Fi,17-02-2023,3
829,Book Title 49,Fantasy,18-02-2023,4
830,Book Title 50,Biography,19-02-2023,5
831,Book Title 51,Fiction,20-02-2023,1
832,Book Title 52,Non-Fiction,21-02-2023,2
833,Book Title 53,Sci-Fi,22-02-2023,3
834,Book Title 54,Fantasy,23-02-2023,4
835,Book Title 55,Biography,24-02-2023,5
836,Book Title 56,Fiction,25-02-2023,1
837,Book Title 57,Non-Fiction,26-02-2023,2
838,Book Title 58,Sci-Fi,27-02-2023,3
839,Book Title 59,Fantasy,28-02-2023,4
840,Book Title 60,Biography,01-03-2023,5
841,Book Title 1,Fiction,01-01-2023,1
842,Book Title 2,Non-Fiction,02-01-2023,2
843,Book Title 3,Sci-Fi,03-01-2023,3
844,Book Title 4,Fantasy,04-01-2023,4
845,Book Title 5,Biography,05-01-2023,5
846,Book Title 6,Fiction,06-01-2023,1
847,Book Title 7,Non-Fiction,07-01-2023,2
848,Book Title 8,Sci-Fi,08-01-2023,3
849,Book Title 9,Fantasy,09-01-2023,4
850,Book Title 10,Biography,10-01-2023,5
851,Book Title 11,Fiction,11-01-2023,1
852,Book Title 12,Non-Fiction,12-01-2023,2
853,Book Title 13,Sci-Fi,13-01-2023,3
854,Book Title 14,Fantasy,14-01-2023,4
855,Book Title 15,Biography,15-01-2023,5
856,Book Title 16,Fiction,16-01-2023,1
857,Book Title 17,Non-Fiction,17-01-2023,2
858,Book Title 18,Sci-Fi,18-01-2023,3
859,Book Title 19,Fantasy,19-01-2023,4
860,Book Title 20,Biography,20-01-2023,5
861,Book Title 21,Fiction,21-01-2023,1
862,Book Title 22,Non-Fiction,22-01-2023,2
863,Book Title 23,Sci-Fi,23-01-2023,3
864,Book Title 24,Fantasy,24-01-2023,4
865,Book Title 25,Biography,25-01-2023,5
866,Book Title 26,Fiction,26-01-2023,1
867,Book Title 27,Non-Fiction,27-01-2023,2
868,Book Title 28,Sci-Fi,28-01-2023,3
869,Book Title 29,Fantasy,29-01-2023,4
870,Book Title 30,Biography,30-01-2023,5
871,Book Title 31,Fiction,31-01-2023,1
872,Book Title 32,Non-Fiction,01-02-2023,2
873,Book Title 33,Sci-Fi,02-02-2023,3
874,Book Title 34,Fantasy,03-02-2023,4
875,Book Title 35,Biography,04-02-2023,5
876,Book Title 36,Fiction,05-02-2023,1
877,Book Title 37,Non-Fiction,06-02-2023,2
878,Book Title 38,Sci-Fi,07-02-2023,3
879,Book Title 39,Fantasy,08-02-2023,4
880,Book Title 40,Biography,09-02-2023,5
881,Book Title 41,Fiction,10-02-2023,1
882,Book Title 42,Non-Fiction,11-02-2023,2
883,Book Title 43,Sci-Fi,12-02-2023,3
884,Book Title 44,Fantasy,13-02-2023,4
885,Book Title 45,Biography,14-02-2023,5
886,Book Title 46,Fiction,15-02-2023,1
887,Book Title 47,Non-Fiction,16-02-2023,2
888,Book Title 48,Sci-Fi,17-02-2023,3
889,Book Title 49,Fantasy,18-02-2023,4
890,Book Title 50,Biography,19-02-2023,5
891,Book Title 51,Fiction,20-02-2023,1
892,Book Title 52,Non-Fiction,21-02-2023,2
893,Book Title 53,Sci-Fi,22-02-2023,3
894,Book Title 54,Fantasy,23-02-2023,4
895,Book Title 55,Biography,24-02-2023,5
896,Book Title 56,Fiction,25-02-2023,1
897,Book Title 57,Non-Fiction,26-02-2023,2
898,Book Title 58,Sci-Fi,27-02-2023,3
899,Book Title 59,Fantasy,28-02-2023,4
900,Book Title 60,Biography,01-03-2023,5
901,Book Title 1,Fiction,01-01-2023,1
902,Book Title 2,Non-Fiction,02-01-2023,2
903,Book Title 3,Sci-Fi,03-01-2023,3
904,Book Title 4,Fantasy,04-01-2023,4
905,Book Title 5,Biography,05-01-2023,5
906,Book Title 6,Fiction,06-01-2023,1
907,Book Title 7,Non-Fiction,07-01-2023,2
908,Book Title 8,Sci-Fi,08-01-2023,3
909,Book Title 9,Fantasy,09-01-2023,4
910,Book Title 10,Biography,10-01-2023,5
911,Book Title 11,Fiction,11-01-2023,1
912,Book Title 12,Non-Fiction,12-01-2023,2
913,Book Title 13,Sci-Fi,13-01-2023,3
914,Book Title 14,Fantasy,14-01-2023,4
915,Book Title 15,Biography,15-01-2023,5
916,Book Title 16,Fiction,16-01-2023,1
917,Book Title 17,Non-Fiction,17-01-2023,2
918,Book Title 18,Sci-Fi,18-01-2023,3
919,Book Title 19,Fantasy,19-01-2023,4
920,Book Title 20,Biography,20-01-2023,5
921,Book Title 21,Fiction,21-01-2023,1
922,Book Title 22,Non-Fiction,22-01-2023,2
923,Book Title 23,Sci-Fi,23-01-2023,3
924,Book Title 24,Fantasy,24-01-2023,4
925,Book Title 25,Biography,25-01-2023,5
926,Book Title 26,Fiction,26-01-2023,1
927,Book Title 27,Non-Fiction,27-01-2023,2
928,Book Title 28,Sci-Fi,28-01-2023,3
929,Book Title 29,Fantasy,29-01-2023,4
930,Book Title 30,Biography,30-01-2023,5
931,Book Title 31,Fiction,31-01-2023,1
932,Book Title 32,Non-Fiction,01-02-2023,2
933,Book Title 33,Sci-Fi,02-02-2023,3
934,Book Title 34,Fantasy,03-02-2023,4
935,Book Title 35,Biography,04-02-2023,5
936,Book Title 36,Fiction,05-02-2023,1
937,Book Title 37,Non-Fiction,06-02-2023,2
938,Book Title 38,Sci-Fi,07-02-2023,3
939,Book Title 39,Fantasy,08-02-2023,4
940,Book Title 40,Biography,09-02-2023,5
941,Book Title 41,Fiction,10-02-2023,1
942,Book Title 42,Non-Fiction,11-02-2023,2
943,Book Title 43,Sci-Fi,12-02-2023,3
944,Book Title 44,Fantasy,13-02-2023,4
945,Book Title 45,Biography,14-02-2023,5
946,Book Title 46,Fiction,15-02-2023,1
947,Book Title 47,Non-Fiction,16-02-2023,2
948,Book Title 48,Sci-Fi,17-02-2023,3
949,Book Title 49,Fantasy,18-02-2023,4
950,Book Title 50,Biography,19-02-2023,5
951,Book Title 51,Fiction,20-02-2023,1
952,Book Title 52,Non-Fiction,21-02-2023,2
953,Book Title 53,Sci-Fi,22-02-2023,3
954,Book Title 54,Fantasy,23-02-2023,4
955,Book Title 55,Biography,24-02-2023,5
956,Book Title 56,Fiction,25-02-2023,1
957,Book Title 57,Non-Fiction,26-02-2023,2
958,Book Title 58,Sci-Fi,27-02-2023,3
959,Book Title 59,Fantasy,28-02-2023,4
960,Book Title 60,Biography,01-03-2023,5
961,Book Title 1,Fiction,01-01-2023,1
962,Book Title 2,Non-Fiction,02-01-2023,2
963,Book Title 3,Sci-Fi,03-01-2023,3
964,Book Title 4,Fantasy,04-01-2023,4
965,Book Title 5,Biography,05-01-2023,5
966,Book Title 6,Fiction,06-01-2023,1
967,Book Title 7,Non-Fiction,07-01-2023,2
968,Book Title 8,Sci-Fi,08-01-2023,3
969,Book Title 9,Fantasy,09-01-2023,4
970,Book Title 10,Biography,10-01-2023,5
971,Book Title 11,Fiction,11-01-2023,1
972,Book Title 12,Non-Fiction,12-01-2023,2
973,Book Title 13,Sci-Fi,13-01-2023,3
974,Book Title 14,Fantasy,14-01-2023,4
975,Book Title 15,Biography,15-01-2023,5
976,Book Title 16,Fiction,16-01-2023,1
977,Book Title 17,Non-Fiction,17-01-2023,2
978,Book Title 18,Sci-Fi,18-01-2023,3
979,Book Title 19,Fantasy,19-01-2023,4
980,Book Title 20,Biography,20-01-2023,5
981,Book Title 21,Fiction,21-01-2023,1
982,Book Title 22,Non-Fiction,22-01-2023,2
983,Book Title 23,Sci-Fi,23-01-2023,3
984,Book Title 24,Fantasy,24-01-2023,4
985,Book Title 25,Biography,25-01-2023,5
986,Book Title 26,Fiction,26-01-2023,1
987,Book Title 27,Non-Fiction,27-01-2023,2
988,Book Title 28,Sci-Fi,28-01-2023,3
989,Book Title 29,Fantasy,29-01-2023,4
990,Book Title 30,Biography,30-01-2023,5
991,Book Title 31,Fiction,31-01-2023,1
992,Book Title 32,Non-Fiction,01-02-2023,2
993,Book Title 33,Sci-Fi,02-02-2023,3
994,Book Title 34,Fantasy,03-02-2023,4
995,Book Title 35,Biography,04-02-2023,5
996,Book Title 36,Fiction,05-02-2023,1
997,Book Title 37,Non-Fiction,06-02-2023,2
998,Book Title 38,Sci-Fi,07-02-2023,3
999,Book Title 39,Fantasy,08-02-2023,4
1000,Book Title 40,Biography,09-02-2023,5
1001,Book Title 41,Fiction,10-02-2023,1
1002,Book Title 42,Non-Fiction,11-02-2023,2
