employeeid,employeename,departmentid,position,salary
124,Name124,13,Supply Chain Management,55000
125,Name125,11,Product Manager,75000
126,Name126,12,Buisness Developmnt,75000
127,Name127,2,Finance Manager,80000
128,Name128,14,Procurement,60000
129,Name129,6,IT Engineer,80000
130,Name130,1,HR Manager,75000
131,Name131,7,Customer Service,30000
132,Name132,15,Corporate Affairs,50000
133,Name133,1,HR Manager,75000
134,Name134,14,Procurement,60000
135,Name135,1,HR Manager,75000
136,Name136,3,Software Engineer,85000
137,Name137,10,"R&D Manager',",60000
138,Name138,16,Public Relations,45000
139,Name139,19,Risk Management,55000
140,Name140,19,Risk Management,55000
141,Name141,20,Investor Relations,50000
142,Name142,18,Training and Development,55000
143,Name143,18,Training and Development,55000
144,Name144,13,Supply Chain Management,55000
145,Name145,11,Product Manager,75000
146,Name146,6,IT Engineer,80000
147,Name147,18,Training and Development,55000
148,Name148,19,Risk Management,55000
149,Name149,17,Quality Assurance,60000
150,Name150,9,Leagle Manager,65000
151,Name151,16,Public Relations,45000
152,Name152,5,Sales Manager,65000
153,Name153,10,"R&D Manager',",60000
154,Name154,5,Sales Manager,65000
155,Name155,6,IT Engineer,80000
156,Name156,6,IT Engineer,80000
157,Name157,2,Finance Manager,80000
158,Name158,2,Finance Manager,80000
159,Name159,6,IT Engineer,80000
160,Name160,12,Buisness Developmnt,75000
161,Name161,7,Customer Service,30000
162,Name162,15,Corporate Affairs,50000
163,Name163,17,Quality Assurance,60000
164,Name164,7,Customer Service,30000
165,Name165,9,Leagle Manager,65000
166,Name166,12,Buisness Developmnt,75000
167,Name167,16,Public Relations,45000
168,Name168,8,Operation Manager,55000
169,Name169,19,Risk Management,55000
170,Name170,20,Investor Relations,50000
171,Name171,2,Finance Manager,80000
172,Name172,11,Product Manager,75000
173,Name173,19,Risk Management,55000
174,Name174,12,Buisness Developmnt,75000
175,Name175,16,Public Relations,45000
176,Name176,3,Software Engineer,85000
177,Name177,6,IT Engineer,80000
178,Name178,8,Operation Manager,55000
179,Name179,9,Leagle Manager,65000
180,Name180,2,Finance Manager,80000
181,Name181,11,Product Manager,75000
182,Name182,7,Customer Service,30000
183,Name183,15,Corporate Affairs,50000
184,Name184,8,Operation Manager,55000
185,Name185,2,Finance Manager,80000
186,Name186,12,Buisness Developmnt,75000
187,Name187,17,Quality Assurance,60000
188,Name188,18,Training and Development,55000
189,Name189,11,Product Manager,75000
190,Name190,13,Supply Chain Management,55000
191,Name191,9,Leagle Manager,65000
192,Name192,8,Operation Manager,55000
193,Name193,5,Sales Manager,65000
194,Name194,4,Marketing Manager,60000
195,Name195,20,Investor Relations,50000
196,Name196,17,Quality Assurance,60000
197,Name197,4,Marketing Manager,60000
198,Name198,2,Finance Manager,80000
199,Name199,10,"R&D Manager',",60000
200,Name200,4,Marketing Manager,60000
