"employeeid","employeename","departmentid","position","salary"
1,"Name1",1,"HR Manager",75000
2,"Name2",1,"HR Manager",75000
3,"Name3",1,"HR Manager",75000
4,"Name4",1,"HR Manager",75000
5,"Name5",1,"HR Manager",75000
6,"Name6",1,"HR Manager",75000
7,"Name7",1,"HR Manager",75000
8,"Name8",1,"HR Manager",75000
9,"Name9",1,"HR Manager",75000
10,"Name10",1,"HR Manager",75000
11,"Name11",2,"Finance Manager",80000
12,"Name12",2,"Finance Manager",80000
13,"Name13",2,"Finance Manager",80000
14,"Name14",2,"Finance Manager",80000
15,"Name15",2,"Finance Manager",80000
16,"Name16",2,"Finance Manager",80000
17,"Name17",2,"Finance Manager",80000
18,"Name18",2,"Finance Manager",80000
19,"Name19",2,"Finance Manager",80000
20,"Name20",2,"Finance Manager",80000
21,"Name21",3,"Software Engineer",85000
22,"Name22",3,"Software Engineer",85000
23,"Name23",3,"Software Engineer",85000
24,"Name24",3,"Software Engineer",85000
25,"Name25",3,"Software Engineer",85000
26,"Name26",3,"Software Engineer",85000
27,"Name27",3,"Software Engineer",85000
28,"Name28",3,"Software Engineer",85000
29,"Name29",3,"Software Engineer",85000
30,"Name30",3,"Software Engineer",85000
31,"Name31",4,"Marketing Manager",60000
32,"Name32",4,"Marketing Manager",60000
33,"Name33",4,"Marketing Manager",60000
34,"Name34",4,"Marketing Manager",60000
35,"Name35",4,"Marketing Manager",60000
36,"Name36",4,"Marketing Manager",60000
37,"Name37",4,"Marketing Manager",60000
38,"Name38",4,"Marketing Manager",60000
39,"Name39",4,"Marketing Manager",60000
40,"Name40",4,"Marketing Manager",60000
41,"Name41",5,"Sales Manager",65000
42,"Name42",5,"Sales Manager",65000
43,"Name43",5,"Sales Manager",65000
44,"Name44",5,"Sales Manager",65000
45,"Name45",5,"Sales Manager",65000
46,"Name46",5,"Sales Manager",65000
47,"Name47",6,"IT Engineer",80000
48,"Name48",6,"IT Engineer",80000
49,"Name49",6,"IT Engineer",80000
50,"Name50",6,"IT Engineer",80000
51,"Name51",6,"IT Engineer",80000
52,"Name52",6,"IT Engineer",80000
53,"Name53",6,"IT Engineer",80000
54,"Name54",6,"IT Engineer",80000
55,"Name55",7,"Customer Service",30000
56,"Name56",7,"Customer Service",30000
57,"Name57",7,"Customer Service",30000
58,"Name58",7,"Customer Service",30000
59,"Name59",7,"Customer Service",30000
60,"Name60",7,"Customer Service",30000
61,"Name61",8,"Operation Manager",55000
62,"Name62",8,"Operation Manager",55000
63,"Name63",8,"Operation Manager",55000
64,"Name64",8,"Operation Manager",55000
65,"Name65",8,"Operation Manager",55000
66,"Name66",9,"Leagle Manager",65000
67,"Name67",9,"Leagle Manager",65000
68,"Name68",9,"Leagle Manager",65000
69,"Name69",9,"Leagle Manager",65000
70,"Name70",10,"R&D Manager",60000
71,"Name71",10,"R&D Manager",60000
72,"Name72",10,"R&D Manager",60000
73,"Name73",10,"R&D Manager",60000
74,"Name74",11,"Product Manager",75000
75,"Name75",11,"Product Manager",75000
76,"Name76",12,"Buisness Developmnt",75000
77,"Name77",12,"Buisness Developmnt",75000
78,"Name78",12,"Buisness Developmnt",75000
79,"Name79",12,"Buisness Developmnt",75000
80,"Name80",12,"Buisness Developmnt",75000
81,"Name81",13,"Supply Chain Management",55000
82,"Name82",13,"Supply Chain Management",55000
83,"Name83",13,"Supply Chain Management",55000
84,"Name84",13,"Supply Chain Management",55000
85,"Name85",13,"Supply Chain Management",55000
86,"Name86",14,"Procurement",60000
87,"Name87",14,"Procurement",60000
88,"Name88",15,"Corporate Affairs",50000
89,"Name89",15,"Corporate Affairs",50000
90,"Name90",15,"Corporate Affairs",50000
91,"Name91",15,"Corporate Affairs",50000
92,"Name92",16,"Public Relations",45000
93,"Name93",16,"Public Relations",45000
94,"Name94",16,"Public Relations",45000
95,"Name95",16,"Public Relations",45000
96,"Name96",16,"Public Relations",45000
97,"Name97",17,"Quality Assurance",60000
98,"Name98",17,"Quality Assurance",60000
99,"Name99",17,"Quality Assurance",60000
100,"Name100",17,"Quality Assurance",60000
101,"Name101",17,"Quality Assurance",60000
102,"Name102",17,"Quality Assurance",60000
103,"Name103",17,"Quality Assurance",60000
104,"Name104",17,"Quality Assurance",60000
105,"Name105",17,"Quality Assurance",60000
106,"Name106",17,"Quality Assurance",60000
107,"Name107",18,"Training and Development",55000
108,"Name108",18,"Training and Development",55000
109,"Name109",18,"Training and Development",55000
110,"Name110",18,"Training and Development",55000
111,"Name111",18,"Training and Development",55000
112,"Name112",18,"Training and Development",55000
113,"Name113",19,"Risk Management",55000
114,"Name114",19,"Risk Management",55000
115,"Name115",19,"Risk Management",55000
116,"Name116",19,"Risk Management",55000
117,"Name117",19,"Risk Management",55000
118,"Name118",20,"Investor Relations",50000
119,"Name119",20,"Investor Relations",50000
120,"Name120",20,"Investor Relations",50000
121,"Name121",20,"Investor Relations",50000
122,"Name122",20,"Investor Relations",50000
123,"Name123",20,"Investor Relations",50000
124,"Name124",13,"Supply Chain Management",55000
125,"Name125",11,"Product Manager",75000
126,"Name126",12,"Buisness Developmnt",75000
127,"Name127",2,"Finance Manager",80000
128,"Name128",14,"Procurement",60000
129,"Name129",6,"IT Engineer",80000
130,"Name130",1,"HR Manager",75000
131,"Name131",7,"Customer Service",30000
132,"Name132",15,"Corporate Affairs",50000
133,"Name133",1,"HR Manager",75000
134,"Name134",14,"Procurement",60000
135,"Name135",1,"HR Manager",75000
136,"Name136",3,"Software Engineer",85000
137,"Name137",10,"R&D Manager',",60000
138,"Name138",16,"Public Relations",45000
139,"Name139",19,"Risk Management",55000
140,"Name140",19,"Risk Management",55000
141,"Name141",20,"Investor Relations",50000
142,"Name142",18,"Training and Development",55000
143,"Name143",18,"Training and Development",55000
144,"Name144",13,"Supply Chain Management",55000
145,"Name145",11,"Product Manager",75000
146,"Name146",6,"IT Engineer",80000
147,"Name147",18,"Training and Development",55000
148,"Name148",19,"Risk Management",55000
149,"Name149",17,"Quality Assurance",60000
150,"Name150",9,"Leagle Manager",65000
151,"Name151",16,"Public Relations",45000
152,"Name152",5,"Sales Manager",65000
153,"Name153",10,"R&D Manager',",60000
154,"Name154",5,"Sales Manager",65000
155,"Name155",6,"IT Engineer",80000
156,"Name156",6,"IT Engineer",80000
157,"Name157",2,"Finance Manager",80000
158,"Name158",2,"Finance Manager",80000
159,"Name159",6,"IT Engineer",80000
160,"Name160",12,"Buisness Developmnt",75000
161,"Name161",7,"Customer Service",30000
162,"Name162",15,"Corporate Affairs",50000
163,"Name163",17,"Quality Assurance",60000
164,"Name164",7,"Customer Service",30000
165,"Name165",9,"Leagle Manager",65000
166,"Name166",12,"Buisness Developmnt",75000
167,"Name167",16,"Public Relations",45000
168,"Name168",8,"Operation Manager",55000
169,"Name169",19,"Risk Management",55000
170,"Name170",20,"Investor Relations",50000
171,"Name171",2,"Finance Manager",80000
172,"Name172",11,"Product Manager",75000
173,"Name173",19,"Risk Management",55000
174,"Name174",12,"Buisness Developmnt",75000
175,"Name175",16,"Public Relations",45000
176,"Name176",3,"Software Engineer",85000
177,"Name177",6,"IT Engineer",80000
178,"Name178",8,"Operation Manager",55000
179,"Name179",9,"Leagle Manager",65000
180,"Name180",2,"Finance Manager",80000
181,"Name181",11,"Product Manager",75000
182,"Name182",7,"Customer Service",30000
183,"Name183",15,"Corporate Affairs",50000
184,"Name184",8,"Operation Manager",55000
185,"Name185",2,"Finance Manager",80000
186,"Name186",12,"Buisness Developmnt",75000
187,"Name187",17,"Quality Assurance",60000
188,"Name188",18,"Training and Development",55000
189,"Name189",11,"Product Manager",75000
190,"Name190",13,"Supply Chain Management",55000
191,"Name191",9,"Leagle Manager",65000
192,"Name192",8,"Operation Manager",55000
193,"Name193",5,"Sales Manager",65000
194,"Name194",4,"Marketing Manager",60000
195,"Name195",20,"Investor Relations",50000
196,"Name196",17,"Quality Assurance",60000
197,"Name197",4,"Marketing Manager",60000
198,"Name198",2,"Finance Manager",80000
199,"Name199",10,"R&D Manager',",60000
200,"Name200",4,"Marketing Manager",60000
